{"cameraMode":{"drawMode":0,"name":"Shaded","section":"Shading Mode"},"sceneLighting":false,"audioPlay":false,"sceneViewState":{"m_AlwaysRefresh":false,"showFog":true,"showSkybox":false,"showFlares":true,"showImageEffects":true,"showParticleSystems":true,"showVisualEffectGraphs":true,"m_FxEnabled":true},"in2DMode":false,"pivot":{"x":-13.721210479736329,"y":-3.3806567192077638,"z":4.524481773376465},"rotation":{"x":-0.6136007905006409,"y":0.0007083273376338184,"z":-0.0005508167087100446,"w":-0.7896214723587036},"size":39.87548065185547,"orthographic":false}